僥僗僩僾儘僔乕僕儍柤	戝崁栚	拞崁栚	彫崁栚	崁栚柤	弌椡撪梕
CFO_CAL_1Bag	-	-	-	柤慜	CFO_CAL_1Bag
CFO_CAL_1Bag	-	-	-	僥僗僩庬暿	Standard
CFO_CAL_1Bag	-	-	-	婯惂	Example
CFO_CAL_1Bag	-	-	-	攔弌廳検廳傒晅偗曽朄	
CFO_CAL_1Bag	-	-	-	懍搙扨埵	km/h
CFO_CAL_1Bag	-	-	-	RCB曗惓婎弨乮棪乯	0
CFO_CAL_1Bag	-	-	-	僟僂儞僗働乕儕儞僌	
CFO_CAL_1Bag	-	-	-	嵟戝崌寁媥宔帪娫乮min乯	0
CFO_CAL_1Bag	-	-	-	僪儔僀僶乕僘僄僀僪嫋梕暆偺昞帵	TRUE
CFO_CAL_1Bag	-	-	-	僪儔僀僶乕僘僄僀僪婎弨懍搙偺昞帵	TRUE
CFO_CAL_1Bag	-	-	-	僪儔僀僶乕僘僄僀僪儗僀傾僂僩	DriveUnit
CFO_CAL_1Bag	-	-	-	幵椉椻媝僼傽儞惂屼儌乕僪	堦掕懍搙惂屼
CFO_CAL_1Bag	-	-	-	僪儔僀僶乕僘僄僀僪帪娫僗働乕儖偺嵟彫抣(s)	-10
CFO_CAL_1Bag	-	-	-	僪儔僀僶乕僘僄僀僪帪娫僗働乕儖偺嵟戝抣(s)	20
CFO_CAL_1Bag	-	-	-	僐乕僗僩僟僂儞愝掕	
CFO_CAL_1Bag	-	-	-	僪儔僀僶乕僘僄僀僪嫋梕暆傪僩儗乕僗偱掕媊	FALSE
CFO_CAL_1Bag	-	-	-	塣揮僄儔乕偺夞悢惂尷	FALSE
CFO_CAL_1Bag	-	-	-	塣揮僄儔乕嵟戝嫋梕夞悢	10
CFO_CAL_1Bag	僪儔僀僽儐僯僢僩愝掕1	-	-	柤慜	DriveUnit
CFO_CAL_1Bag	僪儔僀僽儐僯僢僩愝掕1	-	-	懍搙嫋梕嵎(km/h)	2
CFO_CAL_1Bag	僪儔僀僽儐僯僢僩愝掕1	-	-	帪娫嫋梕嵎(s)	1
CFO_CAL_1Bag	僪儔僀僽儐僯僢僩愝掕1	-	-	帪娫嫋梕嵎奜帪娫(s)	0
CFO_CAL_1Bag	僪儔僀僽儐僯僢僩愝掕1	-	-	僩儗乕僗偺奐巒	儁儞僟儞僩Start
CFO_CAL_1Bag	僪儔僀僽儐僯僢僩愝掕1	-	-	僽儘僢僋偺廔椆	僩儗乕僗廔椆
CFO_CAL_1Bag	僪儔僀僽儐僯僢僩愝掕1	-	-	僪儔僀僶乕僘僄僀僪嵟掅懍搙乮km/h乯	0
CFO_CAL_1Bag	僪儔僀僽儐僯僢僩愝掕1	-	-	僪儔僀僶乕僘僄僀僪嵟崅懍搙乮km/h乯	0
CFO_CAL_1Bag	僪儔僀僽儐僯僢僩愝掕1	僩儗乕僗	僩儗乕僗1	僩儗乕僗柤	CFO CAL
CFO_CAL_1Bag	僪儔僀僽儐僯僢僩愝掕1	僩儗乕僗	僩儗乕僗1	僩儗乕僗帪娫	300
CFO_CAL_1Bag	僪儔僀僽儐僯僢僩愝掕1	僀儀儞僩1	-	僩儕僈乕	PendantButton
CFO_CAL_1Bag	僪儔僀僽儐僯僢僩愝掕1	僀儀儞僩1	-	PendantButton	Start
CFO_CAL_1Bag	僪儔僀僽儐僯僢僩愝掕1	僀儀儞僩1	-	DelayTime乮s乯	0
CFO_CAL_1Bag	僪儔僀僽儐僯僢僩愝掕1	僀儀儞僩1	奐巒丂Emission Sample	僒儞僾儖斣崋	1
CFO_CAL_1Bag	僪儔僀僽儐僯僢僩愝掕1	僀儀儞僩1	奐巒丂Emission Sample	僶僢僌儁傾斣崋	1
CFO_CAL_1Bag	僪儔僀僽儐僯僢僩愝掕1	僀儀儞僩1	奐巒丂Emission Sample	PM僼傿儖僞斣崋	1
CFO_CAL_1Bag	僪儔僀僽儐僯僢僩愝掕1	僀儀儞僩1	奐巒丂Emission Sample	NMOG僒儞僾儔乕斣崋	1
CFO_CAL_1Bag	僪儔僀僽儐僯僢僩愝掕1	僀儀儞僩1	奐巒丂Emission Sample	僒儞僾儖僞僀僾	Standard
CFO_CAL_1Bag	僪儔僀僽儐僯僢僩愝掕1	僀儀儞僩1	奐巒丂Emission Sample	棟榑嫍棧(km)	0
CFO_CAL_1Bag	僪儔僀僽儐僯僢僩愝掕1	僀儀儞僩2	-	僩儕僈乕	TraceFinish
CFO_CAL_1Bag	僪儔僀僽儐僯僢僩愝掕1	僀儀儞僩2	-	帪娫(s)	0
CFO_CAL_1Bag	僪儔僀僽儐僯僢僩愝掕1	僀儀儞僩2	廔椆丂Emission Sample	僒儞僾儖斣崋	1
CFO_CAL_1Bag	僪儔僀僽儐僯僢僩愝掕1	僀儀儞僩2	廔椆丂Emission Sample	僶僢僌儁傾斣崋	1
CFO_CAL_1Bag	僪儔僀僽儐僯僢僩愝掕1	僀儀儞僩2	廔椆丂Emission Sample	PM僼傿儖僞斣崋	1
CFO_CAL_1Bag	僪儔僀僽儐僯僢僩愝掕1	僀儀儞僩2	廔椆丂Emission Sample	NMOG僒儞僾儔乕斣崋	1
CFO_CAL_1Bag	僪儔僀僽儐僯僢僩愝掕1	僀儀儞僩2	廔椆丂Emission Sample	僒儞僾儖僞僀僾	Standard
CFO_CAL_1Bag	僪儔僀僽儐僯僢僩愝掕1	僀儀儞僩2	廔椆丂Emission Sample	棟榑嫍棧(km)	0
CFO_CAL_1Bag	僇僗僞儉僼傿乕儖僪	-	-	僥僗僩儌乕僪僐乕僪	9999
CFO_CAL_1Bag	僇僗僞儉僼傿乕儖僪	-	-	僥僗僩儌乕僪僌儖乕僾僐乕僪	9999
CFO_CAL_1Bag	僇僗僞儉僼傿乕儖僪	-	-	僥僗僩儌乕僪柤	
CFO_CAL_1Bag	僇僗僞儉僼傿乕儖僪	-	-	僥僗僩儌乕僪僼傽僀儖柤	CFO_CAL_1BAG
CFO_CAL_1Bag	僇僗僞儉僼傿乕儖僪	-	-	NETLAS挔昜柤	netlas_CFO_CAL.xls
CFO_CAL_1Bag	僇僗僞儉忣曬	僒儞僾儖帪娫	-	BAG僒儞僾儖帪娫1	300
CFO_CAL_1Bag	僇僗僞儉忣曬	僩儗乕僗	僩儗乕僗1	僩儗乕僗柤	CFO CAL
CFO_CAL_1Bag	僇僗僞儉忣曬	僩儗乕僗	僩儗乕僗1	僩儗乕僗帪娫	300
CFO_CAL_3Bag	-	-	-	柤慜	CFO_CAL_3Bag
CFO_CAL_3Bag	-	-	-	僥僗僩庬暿	Standard
CFO_CAL_3Bag	-	-	-	婯惂	Example
CFO_CAL_3Bag	-	-	-	攔弌廳検廳傒晅偗曽朄	
CFO_CAL_3Bag	-	-	-	懍搙扨埵	km/h
CFO_CAL_3Bag	-	-	-	RCB曗惓婎弨乮棪乯	0
CFO_CAL_3Bag	-	-	-	僟僂儞僗働乕儕儞僌	
CFO_CAL_3Bag	-	-	-	嵟戝崌寁媥宔帪娫乮min乯	0
CFO_CAL_3Bag	-	-	-	僪儔僀僶乕僘僄僀僪嫋梕暆偺昞帵	TRUE
CFO_CAL_3Bag	-	-	-	僪儔僀僶乕僘僄僀僪婎弨懍搙偺昞帵	TRUE
CFO_CAL_3Bag	-	-	-	僪儔僀僶乕僘僄僀僪儗僀傾僂僩	DriveUnit
CFO_CAL_3Bag	-	-	-	幵椉椻媝僼傽儞惂屼儌乕僪	堦掕懍搙惂屼
CFO_CAL_3Bag	-	-	-	僪儔僀僶乕僘僄僀僪帪娫僗働乕儖偺嵟彫抣(s)	-10
CFO_CAL_3Bag	-	-	-	僪儔僀僶乕僘僄僀僪帪娫僗働乕儖偺嵟戝抣(s)	20
CFO_CAL_3Bag	-	-	-	僐乕僗僩僟僂儞愝掕	
CFO_CAL_3Bag	-	-	-	僪儔僀僶乕僘僄僀僪嫋梕暆傪僩儗乕僗偱掕媊	FALSE
CFO_CAL_3Bag	-	-	-	塣揮僄儔乕偺夞悢惂尷	FALSE
CFO_CAL_3Bag	-	-	-	塣揮僄儔乕嵟戝嫋梕夞悢	10
CFO_CAL_3Bag	僪儔僀僽儐僯僢僩愝掕1	-	-	柤慜	DriveUnit
CFO_CAL_3Bag	僪儔僀僽儐僯僢僩愝掕1	-	-	懍搙嫋梕嵎(km/h)	2
CFO_CAL_3Bag	僪儔僀僽儐僯僢僩愝掕1	-	-	帪娫嫋梕嵎(s)	1
CFO_CAL_3Bag	僪儔僀僽儐僯僢僩愝掕1	-	-	帪娫嫋梕嵎奜帪娫(s)	0
CFO_CAL_3Bag	僪儔僀僽儐僯僢僩愝掕1	-	-	僩儗乕僗偺奐巒	儁儞僟儞僩Start
CFO_CAL_3Bag	僪儔僀僽儐僯僢僩愝掕1	-	-	僽儘僢僋偺廔椆	僩儗乕僗廔椆
CFO_CAL_3Bag	僪儔僀僽儐僯僢僩愝掕1	-	-	僪儔僀僶乕僘僄僀僪嵟掅懍搙乮km/h乯	0
CFO_CAL_3Bag	僪儔僀僽儐僯僢僩愝掕1	-	-	僪儔僀僶乕僘僄僀僪嵟崅懍搙乮km/h乯	0
CFO_CAL_3Bag	僪儔僀僽儐僯僢僩愝掕1	僩儗乕僗	僩儗乕僗1	僩儗乕僗柤	CFO CAL
CFO_CAL_3Bag	僪儔僀僽儐僯僢僩愝掕1	僩儗乕僗	僩儗乕僗1	僩儗乕僗帪娫	300
CFO_CAL_3Bag	僪儔僀僽儐僯僢僩愝掕1	僩儗乕僗	僩儗乕僗2	僩儗乕僗柤	CFO CAL
CFO_CAL_3Bag	僪儔僀僽儐僯僢僩愝掕1	僩儗乕僗	僩儗乕僗2	僩儗乕僗帪娫	300
CFO_CAL_3Bag	僪儔僀僽儐僯僢僩愝掕1	僩儗乕僗	僩儗乕僗3	僩儗乕僗柤	CFO CAL
CFO_CAL_3Bag	僪儔僀僽儐僯僢僩愝掕1	僩儗乕僗	僩儗乕僗3	僩儗乕僗帪娫	300
CFO_CAL_3Bag	僪儔僀僽儐僯僢僩愝掕1	僀儀儞僩1	-	僩儕僈乕	PendantButton
CFO_CAL_3Bag	僪儔僀僽儐僯僢僩愝掕1	僀儀儞僩1	-	PendantButton	Start
CFO_CAL_3Bag	僪儔僀僽儐僯僢僩愝掕1	僀儀儞僩1	-	DelayTime乮s乯	0
CFO_CAL_3Bag	僪儔僀僽儐僯僢僩愝掕1	僀儀儞僩1	奐巒丂Emission Sample	僒儞僾儖斣崋	1
CFO_CAL_3Bag	僪儔僀僽儐僯僢僩愝掕1	僀儀儞僩1	奐巒丂Emission Sample	僶僢僌儁傾斣崋	1
CFO_CAL_3Bag	僪儔僀僽儐僯僢僩愝掕1	僀儀儞僩1	奐巒丂Emission Sample	PM僼傿儖僞斣崋	1
CFO_CAL_3Bag	僪儔僀僽儐僯僢僩愝掕1	僀儀儞僩1	奐巒丂Emission Sample	NMOG僒儞僾儔乕斣崋	1
CFO_CAL_3Bag	僪儔僀僽儐僯僢僩愝掕1	僀儀儞僩1	奐巒丂Emission Sample	僒儞僾儖僞僀僾	Standard
CFO_CAL_3Bag	僪儔僀僽儐僯僢僩愝掕1	僀儀儞僩1	奐巒丂Emission Sample	棟榑嫍棧(km)	0
CFO_CAL_3Bag	僪儔僀僽儐僯僢僩愝掕1	僀儀儞僩2	-	僩儕僈乕	帪娫
CFO_CAL_3Bag	僪儔僀僽儐僯僢僩愝掕1	僀儀儞僩2	-	帪娫(s)	300
CFO_CAL_3Bag	僪儔僀僽儐僯僢僩愝掕1	僀儀儞僩2	廔椆丂Emission Sample	僒儞僾儖斣崋	1
CFO_CAL_3Bag	僪儔僀僽儐僯僢僩愝掕1	僀儀儞僩2	廔椆丂Emission Sample	僶僢僌儁傾斣崋	1
CFO_CAL_3Bag	僪儔僀僽儐僯僢僩愝掕1	僀儀儞僩2	廔椆丂Emission Sample	PM僼傿儖僞斣崋	1
CFO_CAL_3Bag	僪儔僀僽儐僯僢僩愝掕1	僀儀儞僩2	廔椆丂Emission Sample	NMOG僒儞僾儔乕斣崋	1
CFO_CAL_3Bag	僪儔僀僽儐僯僢僩愝掕1	僀儀儞僩2	廔椆丂Emission Sample	僒儞僾儖僞僀僾	Standard
CFO_CAL_3Bag	僪儔僀僽儐僯僢僩愝掕1	僀儀儞僩2	廔椆丂Emission Sample	棟榑嫍棧(km)	0
CFO_CAL_3Bag	僪儔僀僽儐僯僢僩愝掕1	僀儀儞僩2	奐巒丂Emission Sample	僒儞僾儖斣崋	2
CFO_CAL_3Bag	僪儔僀僽儐僯僢僩愝掕1	僀儀儞僩2	奐巒丂Emission Sample	僶僢僌儁傾斣崋	2
CFO_CAL_3Bag	僪儔僀僽儐僯僢僩愝掕1	僀儀儞僩2	奐巒丂Emission Sample	PM僼傿儖僞斣崋	2
CFO_CAL_3Bag	僪儔僀僽儐僯僢僩愝掕1	僀儀儞僩2	奐巒丂Emission Sample	NMOG僒儞僾儔乕斣崋	2
CFO_CAL_3Bag	僪儔僀僽儐僯僢僩愝掕1	僀儀儞僩2	奐巒丂Emission Sample	僒儞僾儖僞僀僾	Standard
CFO_CAL_3Bag	僪儔僀僽儐僯僢僩愝掕1	僀儀儞僩2	奐巒丂Emission Sample	棟榑嫍棧(km)	0
CFO_CAL_3Bag	僪儔僀僽儐僯僢僩愝掕1	僀儀儞僩3	-	僩儕僈乕	帪娫
CFO_CAL_3Bag	僪儔僀僽儐僯僢僩愝掕1	僀儀儞僩3	-	帪娫(s)	600
CFO_CAL_3Bag	僪儔僀僽儐僯僢僩愝掕1	僀儀儞僩3	廔椆丂Emission Sample	僒儞僾儖斣崋	2
CFO_CAL_3Bag	僪儔僀僽儐僯僢僩愝掕1	僀儀儞僩3	廔椆丂Emission Sample	僶僢僌儁傾斣崋	2
CFO_CAL_3Bag	僪儔僀僽儐僯僢僩愝掕1	僀儀儞僩3	廔椆丂Emission Sample	PM僼傿儖僞斣崋	2
CFO_CAL_3Bag	僪儔僀僽儐僯僢僩愝掕1	僀儀儞僩3	廔椆丂Emission Sample	NMOG僒儞僾儔乕斣崋	2
CFO_CAL_3Bag	僪儔僀僽儐僯僢僩愝掕1	僀儀儞僩3	廔椆丂Emission Sample	僒儞僾儖僞僀僾	Standard
CFO_CAL_3Bag	僪儔僀僽儐僯僢僩愝掕1	僀儀儞僩3	廔椆丂Emission Sample	棟榑嫍棧(km)	0
CFO_CAL_3Bag	僪儔僀僽儐僯僢僩愝掕1	僀儀儞僩3	奐巒丂Emission Sample	僒儞僾儖斣崋	3
CFO_CAL_3Bag	僪儔僀僽儐僯僢僩愝掕1	僀儀儞僩3	奐巒丂Emission Sample	僶僢僌儁傾斣崋	3
CFO_CAL_3Bag	僪儔僀僽儐僯僢僩愝掕1	僀儀儞僩3	奐巒丂Emission Sample	PM僼傿儖僞斣崋	3
CFO_CAL_3Bag	僪儔僀僽儐僯僢僩愝掕1	僀儀儞僩3	奐巒丂Emission Sample	NMOG僒儞僾儔乕斣崋	3
CFO_CAL_3Bag	僪儔僀僽儐僯僢僩愝掕1	僀儀儞僩3	奐巒丂Emission Sample	僒儞僾儖僞僀僾	Standard
CFO_CAL_3Bag	僪儔僀僽儐僯僢僩愝掕1	僀儀儞僩3	奐巒丂Emission Sample	棟榑嫍棧(km)	0
CFO_CAL_3Bag	僪儔僀僽儐僯僢僩愝掕1	僀儀儞僩4	-	僩儕僈乕	TraceFinish
CFO_CAL_3Bag	僪儔僀僽儐僯僢僩愝掕1	僀儀儞僩4	-	帪娫(s)	0
CFO_CAL_3Bag	僪儔僀僽儐僯僢僩愝掕1	僀儀儞僩4	廔椆丂Emission Sample	僒儞僾儖斣崋	3
CFO_CAL_3Bag	僪儔僀僽儐僯僢僩愝掕1	僀儀儞僩4	廔椆丂Emission Sample	僶僢僌儁傾斣崋	3
CFO_CAL_3Bag	僪儔僀僽儐僯僢僩愝掕1	僀儀儞僩4	廔椆丂Emission Sample	PM僼傿儖僞斣崋	3
CFO_CAL_3Bag	僪儔僀僽儐僯僢僩愝掕1	僀儀儞僩4	廔椆丂Emission Sample	NMOG僒儞僾儔乕斣崋	3
CFO_CAL_3Bag	僪儔僀僽儐僯僢僩愝掕1	僀儀儞僩4	廔椆丂Emission Sample	僒儞僾儖僞僀僾	Standard
CFO_CAL_3Bag	僪儔僀僽儐僯僢僩愝掕1	僀儀儞僩4	廔椆丂Emission Sample	棟榑嫍棧(km)	0
CFO_CAL_3Bag	僇僗僞儉僼傿乕儖僪	-	-	僥僗僩儌乕僪僐乕僪	9999
CFO_CAL_3Bag	僇僗僞儉僼傿乕儖僪	-	-	僥僗僩儌乕僪僌儖乕僾僐乕僪	9999
CFO_CAL_3Bag	僇僗僞儉僼傿乕儖僪	-	-	僥僗僩儌乕僪柤	
CFO_CAL_3Bag	僇僗僞儉僼傿乕儖僪	-	-	僥僗僩儌乕僪僼傽僀儖柤	CFO_CAL_3BAG
CFO_CAL_3Bag	僇僗僞儉僼傿乕儖僪	-	-	NETLAS挔昜柤	netlas_CFO_CAL.xls
CFO_CAL_3Bag	僇僗僞儉忣曬	僒儞僾儖帪娫	-	BAG僒儞僾儖帪娫1	300
CFO_CAL_3Bag	僇僗僞儉忣曬	僒儞僾儖帪娫	-	BAG僒儞僾儖帪娫2	300
CFO_CAL_3Bag	僇僗僞儉忣曬	僒儞僾儖帪娫	-	BAG僒儞僾儖帪娫3	300
CFO_CAL_3Bag	僇僗僞儉忣曬	僩儗乕僗	僩儗乕僗1	僩儗乕僗柤	CFO CAL
CFO_CAL_3Bag	僇僗僞儉忣曬	僩儗乕僗	僩儗乕僗1	僩儗乕僗帪娫	300
CFO_CAL_3Bag	僇僗僞儉忣曬	僩儗乕僗	僩儗乕僗2	僩儗乕僗柤	CFO CAL
CFO_CAL_3Bag	僇僗僞儉忣曬	僩儗乕僗	僩儗乕僗2	僩儗乕僗帪娫	300
CFO_CAL_3Bag	僇僗僞儉忣曬	僩儗乕僗	僩儗乕僗3	僩儗乕僗柤	CFO CAL
CFO_CAL_3Bag	僇僗僞儉忣曬	僩儗乕僗	僩儗乕僗3	僩儗乕僗帪娫	300
EC_EPA75_4	-	-	-	柤慜	EC_EPA75_4
EC_EPA75_4	-	-	-	懍搙扨埵	km/h
EC_EPA75_4	-	-	-	僥僗僩庬暿	Standard
EC_EPA75_4	-	-	-	婯惂	Example
EC_EPA75_4	-	-	-	攔弌廳検廳傒晅偗曽朄	
EC_EPA75_4	-	-	-	懍搙扨埵	km/h
EC_EPA75_4	-	-	-	RCB曗惓婎弨乮棪乯	0
EC_EPA75_4	-	-	-	僟僂儞僗働乕儕儞僌	
EC_EPA75_4	-	-	-	嵟戝崌寁媥宔帪娫乮min乯	0
EC_EPA75_4	-	-	-	僪儔僀僶乕僘僄僀僪嫋梕暆偺昞帵	TRUE
EC_EPA75_4	-	-	-	僪儔僀僶乕僘僄僀僪婎弨懍搙偺昞帵	TRUE
EC_EPA75_4	-	-	-	僪儔僀僶乕僘僄僀僪儗僀傾僂僩	DriveUnit
EC_EPA75_4	-	-	-	幵椉椻媝僼傽儞惂屼儌乕僪	堦掕懍搙惂屼
EC_EPA75_4	-	-	-	僪儔僀僶乕僘僄僀僪帪娫僗働乕儖偺嵟彫抣(s)	-10
EC_EPA75_4	-	-	-	僪儔僀僶乕僘僄僀僪帪娫僗働乕儖偺嵟戝抣(s)	20
EC_EPA75_4	-	-	-	僐乕僗僩僟僂儞愝掕	
EC_EPA75_4	-	-	-	僪儔僀僶乕僘僄僀僪嫋梕暆傪僩儗乕僗偱掕媊	FALSE
EC_EPA75_4	-	-	-	塣揮僄儔乕偺夞悢惂尷	FALSE
EC_EPA75_4	-	-	-	塣揮僄儔乕嵟戝嫋梕夞悢	10
EC_EPA75_4	僪儔僀僽儐僯僢僩愝掕1	-	-	柤慜	DriveUnit
EC_EPA75_4	僪儔僀僽儐僯僢僩愝掕1	-	-	懍搙嫋梕嵎(km/h)	2
EC_EPA75_4	僪儔僀僽儐僯僢僩愝掕1	-	-	帪娫嫋梕嵎(s)	1
EC_EPA75_4	僪儔僀僽儐僯僢僩愝掕1	-	-	帪娫嫋梕嵎奜帪娫(s)	0
EC_EPA75_4	僪儔僀僽儐僯僢僩愝掕1	-	-	僩儗乕僗偺奐巒	儁儞僟儞僩Start
EC_EPA75_4	僪儔僀僽儐僯僢僩愝掕1	-	-	僽儘僢僋偺廔椆	僩儗乕僗廔椆
EC_EPA75_4	僪儔僀僽儐僯僢僩愝掕1	-	-	僪儔僀僶乕僘僄僀僪嵟掅懍搙乮km/h乯	0
EC_EPA75_4	僪儔僀僽儐僯僢僩愝掕1	-	-	僪儔僀僶乕僘僄僀僪嵟崅懍搙乮km/h乯	48.28032
EC_EPA75_4	僪儔僀僽儐僯僢僩愝掕1	僩儗乕僗	僩儗乕僗1	僩儗乕僗柤	EPA75 P1
EC_EPA75_4	僪儔僀僽儐僯僢僩愝掕1	僩儗乕僗	僩儗乕僗1	僩儗乕僗帪娫	505
EC_EPA75_4	僪儔僀僽儐僯僢僩愝掕1	僩儗乕僗	僩儗乕僗2	僩儗乕僗柤	EPA75 P2
EC_EPA75_4	僪儔僀僽儐僯僢僩愝掕1	僩儗乕僗	僩儗乕僗2	僩儗乕僗帪娫	869
EC_EPA75_4	僪儔僀僽儐僯僢僩愝掕1	僀儀儞僩1	-	僩儕僈乕	PendantButton
EC_EPA75_4	僪儔僀僽儐僯僢僩愝掕1	僀儀儞僩1	-	PendantButton	Start
EC_EPA75_4	僪儔僀僽儐僯僢僩愝掕1	僀儀儞僩1	-	DelayTime乮s乯	0
EC_EPA75_4	僪儔僀僽儐僯僢僩愝掕1	僀儀儞僩1	奐巒丂Emission Sample	僒儞僾儖斣崋	1
EC_EPA75_4	僪儔僀僽儐僯僢僩愝掕1	僀儀儞僩1	奐巒丂Emission Sample	僶僢僌儁傾斣崋	1
EC_EPA75_4	僪儔僀僽儐僯僢僩愝掕1	僀儀儞僩1	奐巒丂Emission Sample	PM僼傿儖僞斣崋	1
EC_EPA75_4	僪儔僀僽儐僯僢僩愝掕1	僀儀儞僩1	奐巒丂Emission Sample	NMOG僒儞僾儔乕斣崋	1
EC_EPA75_4	僪儔僀僽儐僯僢僩愝掕1	僀儀儞僩1	奐巒丂Emission Sample	僒儞僾儖僞僀僾	Standard
EC_EPA75_4	僪儔僀僽儐僯僢僩愝掕1	僀儀儞僩1	奐巒丂Emission Sample	棟榑嫍棧(km)	5.779
EC_EPA75_4	僪儔僀僽儐僯僢僩愝掕1	僀儀儞僩2	-	僩儕僈乕	Time
EC_EPA75_4	僪儔僀僽儐僯僢僩愝掕1	僀儀儞僩2	-	帪娫(s)	505
EC_EPA75_4	僪儔僀僽儐僯僢僩愝掕1	僀儀儞僩2	廔椆丂Emission Sample	僒儞僾儖斣崋	1
EC_EPA75_4	僪儔僀僽儐僯僢僩愝掕1	僀儀儞僩2	廔椆丂Emission Sample	僶僢僌儁傾斣崋	1
EC_EPA75_4	僪儔僀僽儐僯僢僩愝掕1	僀儀儞僩2	廔椆丂Emission Sample	PM僼傿儖僞斣崋	1
EC_EPA75_4	僪儔僀僽儐僯僢僩愝掕1	僀儀儞僩2	廔椆丂Emission Sample	NMOG僒儞僾儔乕斣崋	1
EC_EPA75_4	僪儔僀僽儐僯僢僩愝掕1	僀儀儞僩2	廔椆丂Emission Sample	僒儞僾儖僞僀僾	Standard
EC_EPA75_4	僪儔僀僽儐僯僢僩愝掕1	僀儀儞僩2	廔椆丂Emission Sample	棟榑嫍棧(km)	5.779
EC_EPA75_4	僪儔僀僽儐僯僢僩愝掕1	僀儀儞僩2	奐巒丂Emission Sample	僒儞僾儖斣崋	2
EC_EPA75_4	僪儔僀僽儐僯僢僩愝掕1	僀儀儞僩2	奐巒丂Emission Sample	僶僢僌儁傾斣崋	2
EC_EPA75_4	僪儔僀僽儐僯僢僩愝掕1	僀儀儞僩2	奐巒丂Emission Sample	PM僼傿儖僞斣崋	2
EC_EPA75_4	僪儔僀僽儐僯僢僩愝掕1	僀儀儞僩2	奐巒丂Emission Sample	NMOG僒儞僾儔乕斣崋	2
EC_EPA75_4	僪儔僀僽儐僯僢僩愝掕1	僀儀儞僩2	奐巒丂Emission Sample	僒儞僾儖僞僀僾	Standard
EC_EPA75_4	僪儔僀僽儐僯僢僩愝掕1	僀儀儞僩2	奐巒丂Emission Sample	棟榑嫍棧(km)	6.21
EC_EPA75_4	僪儔僀僽儐僯僢僩愝掕1	僀儀儞僩3	-	僩儕僈乕	
EC_EPA75_4	僪儔僀僽儐僯僢僩愝掕1	僀儀儞僩3	-	帪娫(s)	
EC_EPA75_4	僪儔僀僽儐僯僢僩愝掕1	僀儀儞僩3	奐巒丂Emission Sample	僒儞僾儖斣崋	2
EC_EPA75_4	僪儔僀僽儐僯僢僩愝掕1	僀儀儞僩3	奐巒丂Emission Sample	僶僢僌儁傾斣崋	2
EC_EPA75_4	僪儔僀僽儐僯僢僩愝掕1	僀儀儞僩3	奐巒丂Emission Sample	PM僼傿儖僞斣崋	2
EC_EPA75_4	僪儔僀僽儐僯僢僩愝掕1	僀儀儞僩3	奐巒丂Emission Sample	NMOG僒儞僾儔乕斣崋	2
EC_EPA75_4	僪儔僀僽儐僯僢僩愝掕1	僀儀儞僩3	奐巒丂Emission Sample	僒儞僾儖僞僀僾	Standard
EC_EPA75_4	僪儔僀僽儐僯僢僩愝掕1	僀儀儞僩3	奐巒丂Emission Sample	棟榑嫍棧(km)	6.21
EC_EPA75_4	僜乕僋	-	-	柤慜	Soak
EC_EPA75_4	僜乕僋	-	-	嵟彫帪娫 (s)	540
EC_EPA75_4	僜乕僋	-	-	嵟戝帪娫 (s)	660
EC_EPA75_4	僪儔僀僽儐僯僢僩愝掕2	-	-	柤慜	DriveUnit1
EC_EPA75_4	僪儔僀僽儐僯僢僩愝掕2	-	-	懍搙嫋梕嵎(km/h)	2
EC_EPA75_4	僪儔僀僽儐僯僢僩愝掕2	-	-	帪娫嫋梕嵎(s)	1
EC_EPA75_4	僪儔僀僽儐僯僢僩愝掕2	-	-	帪娫嫋梕嵎奜帪娫(s)	0
EC_EPA75_4	僪儔僀僽儐僯僢僩愝掕2	-	-	僩儗乕僗偺奐巒	儁儞僟儞僩Run
EC_EPA75_4	僪儔僀僽儐僯僢僩愝掕2	-	-	僽儘僢僋偺廔椆	僩儗乕僗廔椆
EC_EPA75_4	僪儔僀僽儐僯僢僩愝掕2	-	-	僪儔僀僶乕僘僄僀僪嵟掅懍搙乮km/h乯	0
EC_EPA75_4	僪儔僀僽儐僯僢僩愝掕2	-	-	僪儔僀僶乕僘僄僀僪嵟崅懍搙乮km/h乯	48.28032
EC_EPA75_4	僪儔僀僽儐僯僢僩愝掕2	僩儗乕僗	僩儗乕僗1	僩儗乕僗柤	EPA75 P3
EC_EPA75_4	僪儔僀僽儐僯僢僩愝掕2	僩儗乕僗	僩儗乕僗1	僩儗乕僗帪娫	505
EC_EPA75_4	僪儔僀僽儐僯僢僩愝掕2	僩儗乕僗	僩儗乕僗2	僩儗乕僗柤	EPA75 P2
EC_EPA75_4	僪儔僀僽儐僯僢僩愝掕2	僩儗乕僗	僩儗乕僗2	僩儗乕僗帪娫	869
EC_EPA75_4	僪儔僀僽儐僯僢僩愝掕2	僀儀儞僩1	-	僩儕僈乕	PendantButton
EC_EPA75_4	僪儔僀僽儐僯僢僩愝掕2	僀儀儞僩1	-	PendantButton	Start
EC_EPA75_4	僪儔僀僽儐僯僢僩愝掕2	僀儀儞僩1	-	DelayTime乮s乯	0
EC_EPA75_4	僪儔僀僽儐僯僢僩愝掕2	僀儀儞僩1	奐巒丂Emission Sample	僒儞僾儖斣崋	3
EC_EPA75_4	僪儔僀僽儐僯僢僩愝掕2	僀儀儞僩1	奐巒丂Emission Sample	僶僢僌儁傾斣崋	3
EC_EPA75_4	僪儔僀僽儐僯僢僩愝掕2	僀儀儞僩1	奐巒丂Emission Sample	PM僼傿儖僞斣崋	3
EC_EPA75_4	僪儔僀僽儐僯僢僩愝掕2	僀儀儞僩1	奐巒丂Emission Sample	NMOG僒儞僾儔乕斣崋	3
EC_EPA75_4	僪儔僀僽儐僯僢僩愝掕2	僀儀儞僩1	奐巒丂Emission Sample	僒儞僾儖僞僀僾	Standard
EC_EPA75_4	僪儔僀僽儐僯僢僩愝掕2	僀儀儞僩1	奐巒丂Emission Sample	棟榑嫍棧(km)	5.779
EC_EPA75_4	僪儔僀僽儐僯僢僩愝掕2	僀儀儞僩2	-	僩儕僈乕	Time
EC_EPA75_4	僪儔僀僽儐僯僢僩愝掕2	僀儀儞僩2	-	帪娫(s)	505
EC_EPA75_4	僪儔僀僽儐僯僢僩愝掕2	僀儀儞僩2	廔椆丂Emission Sample	僒儞僾儖斣崋	3
EC_EPA75_4	僪儔僀僽儐僯僢僩愝掕2	僀儀儞僩2	廔椆丂Emission Sample	僶僢僌儁傾斣崋	3
EC_EPA75_4	僪儔僀僽儐僯僢僩愝掕2	僀儀儞僩2	廔椆丂Emission Sample	PM僼傿儖僞斣崋	3
EC_EPA75_4	僪儔僀僽儐僯僢僩愝掕2	僀儀儞僩2	廔椆丂Emission Sample	NMOG僒儞僾儔乕斣崋	3
EC_EPA75_4	僪儔僀僽儐僯僢僩愝掕2	僀儀儞僩2	廔椆丂Emission Sample	僒儞僾儖僞僀僾	Standard
EC_EPA75_4	僪儔僀僽儐僯僢僩愝掕2	僀儀儞僩2	廔椆丂Emission Sample	棟榑嫍棧(km)	5.779
EC_EPA75_4	僪儔僀僽儐僯僢僩愝掕2	僀儀儞僩2	奐巒丂Emission Sample	僒儞僾儖斣崋	4
EC_EPA75_4	僪儔僀僽儐僯僢僩愝掕2	僀儀儞僩2	奐巒丂Emission Sample	僶僢僌儁傾斣崋	4
EC_EPA75_4	僪儔僀僽儐僯僢僩愝掕2	僀儀儞僩2	奐巒丂Emission Sample	PM僼傿儖僞斣崋	4
EC_EPA75_4	僪儔僀僽儐僯僢僩愝掕2	僀儀儞僩2	奐巒丂Emission Sample	NMOG僒儞僾儔乕斣崋	4
EC_EPA75_4	僪儔僀僽儐僯僢僩愝掕2	僀儀儞僩2	奐巒丂Emission Sample	僒儞僾儖僞僀僾	Standard
EC_EPA75_4	僪儔僀僽儐僯僢僩愝掕2	僀儀儞僩2	奐巒丂Emission Sample	棟榑嫍棧(km)	6.21
EC_EPA75_4	僪儔僀僽儐僯僢僩愝掕2	僀儀儞僩3	-	僩儕僈乕	
EC_EPA75_4	僪儔僀僽儐僯僢僩愝掕2	僀儀儞僩3	-	帪娫(s)	
EC_EPA75_4	僪儔僀僽儐僯僢僩愝掕2	僀儀儞僩3	奐巒丂Emission Sample	僒儞僾儖斣崋	4
EC_EPA75_4	僪儔僀僽儐僯僢僩愝掕2	僀儀儞僩3	奐巒丂Emission Sample	僶僢僌儁傾斣崋	4
EC_EPA75_4	僪儔僀僽儐僯僢僩愝掕2	僀儀儞僩3	奐巒丂Emission Sample	PM僼傿儖僞斣崋	4
EC_EPA75_4	僪儔僀僽儐僯僢僩愝掕2	僀儀儞僩3	奐巒丂Emission Sample	NMOG僒儞僾儔乕斣崋	4
EC_EPA75_4	僪儔僀僽儐僯僢僩愝掕2	僀儀儞僩3	奐巒丂Emission Sample	僒儞僾儖僞僀僾	Standard
EC_EPA75_4	僪儔僀僽儐僯僢僩愝掕2	僀儀儞僩3	奐巒丂Emission Sample	棟榑嫍棧(km)	6.21
EC_EPA75_4	僇僗僞儉僼傿乕儖僪	-	-	僥僗僩儌乕僪僐乕僪	1
EC_EPA75_4	僇僗僞儉僼傿乕儖僪	-	-	僥僗僩儌乕僪僌儖乕僾僐乕僪	81
EC_EPA75_4	僇僗僞儉僼傿乕儖僪	-	-	僥僗僩儌乕僪柤	LA4-CH
EC_EPA75_4	僇僗僞儉僼傿乕儖僪	-	-	僥僗僩儌乕僪僼傽僀儖柤	EC_EPA75_4
EC_EPA75_4	僇僗僞儉僼傿乕儖僪	-	-	NETLAS挔昜柤	netlas堦斒桝弌4BAG.xls
EC_EPA75_4	僇僗僞儉忣曬	僒儞僾儖帪娫	-	BAG僒儞僾儖帪娫1	1369
EC_EPA75_4	僇僗僞儉忣曬	僒儞僾儖帪娫	-	BAG僒儞僾儖帪娫2	1369
EC_EPA75_4	僇僗僞儉忣曬	僩儗乕僗	僩儗乕僗1	僩儗乕僗柤	EPA75 P1
EC_EPA75_4	僇僗僞儉忣曬	僩儗乕僗	僩儗乕僗1	僩儗乕僗帪娫	505
EC_EPA75_4	僇僗僞儉忣曬	僩儗乕僗	僩儗乕僗2	僩儗乕僗柤	EPA75 P2
EC_EPA75_4	僇僗僞儉忣曬	僩儗乕僗	僩儗乕僗2	僩儗乕僗帪娫	869
EC_EPA75_4	僇僗僞儉忣曬	僩儗乕僗	僩儗乕僗3	僩儗乕僗柤	EPA75 P3
EC_EPA75_4	僇僗僞儉忣曬	僩儗乕僗	僩儗乕僗3	僩儗乕僗帪娫	505
EC_EPA75_4	僇僗僞儉忣曬	僩儗乕僗	僩儗乕僗4	僩儗乕僗柤	EPA75 P2
EC_EPA75_4	僇僗僞儉忣曬	僩儗乕僗	僩儗乕僗4	僩儗乕僗帪娫	869
